{
  "timestamp": "20260218_210532",
  "n_samples": 63,
  "n_intents": 8,
  "overall_metrics": {
    "accuracy": 0.9682539682539683,
    "macro_precision": 0.9652777777777778,
    "macro_recall": 0.975,
    "macro_f1": 0.9681255277230509,
    "weighted_precision": 0.9726631393298061,
    "weighted_recall": 0.9682539682539683,
    "weighted_f1": 0.9686069004954454
  },
  "per_intent_metrics": {
    "ask_founder": {
      "precision": 1.0,
      "recall": 1.0,
      "f1": 1.0,
      "support": 2
    },
    "ask_when_is_enrollment": {
      "precision": 0.8333333333333334,
      "recall": 1.0,
      "f1": 0.9090909090909091,
      "support": 5
    },
    "financial_aid": {
      "precision": 1.0,
      "recall": 0.9,
      "f1": 0.9473684210526315,
      "support": 10
    },
    "goodbye": {
      "precision": 1.0,
      "recall": 1.0,
      "f1": 1.0,
      "support": 8
    },
    "greeting": {
      "precision": 0.8888888888888888,
      "recall": 1.0,
      "f1": 0.9411764705882353,
      "support": 8
    },
    "library_hours": {
      "precision": 1.0,
      "recall": 1.0,
      "f1": 1.0,
      "support": 10
    },
    "registration": {
      "precision": 1.0,
      "recall": 0.9,
      "f1": 0.9473684210526315,
      "support": 10
    },
    "tuition_fees": {
      "precision": 1.0,
      "recall": 1.0,
      "f1": 1.0,
      "support": 10
    }
  },
  "confusion_matrix": [
    [
      2,
      0,
      0,
      0,
      0,
      0,
      0,
      0
    ],
    [
      0,
      5,
      0,
      0,
      0,
      0,
      0,
      0
    ],
    [
      0,
      0,
      9,
      0,
      1,
      0,
      0,
      0
    ],
    [
      0,
      0,
      0,
      8,
      0,
      0,
      0,
      0
    ],
    [
      0,
      0,
      0,
      0,
      8,
      0,
      0,
      0
    ],
    [
      0,
      0,
      0,
      0,
      0,
      10,
      0,
      0
    ],
    [
      0,
      1,
      0,
      0,
      0,
      0,
      9,
      0
    ],
    [
      0,
      0,
      0,
      0,
      0,
      0,
      0,
      10
    ]
  ],
  "intent_labels": [
    "ask_founder",
    "ask_when_is_enrollment",
    "financial_aid",
    "goodbye",
    "greeting",
    "library_hours",
    "registration",
    "tuition_fees"
  ],
  "cross_validation": {
    "n_folds": 2,
    "cv_scores": [
      0.59375,
      0.7096774193548387
    ],
    "mean_accuracy": 0.6517137096774194,
    "std_accuracy": 0.05796370967741937
  },
  "semantic_similarity": {
    "mean_similarity": 0.7888483731519609,
    "median_similarity": 0.8006921410560608,
    "min_similarity": 0.36280161142349243,
    "max_similarity": 0.9883283972740173,
    "std_similarity": 0.13109313359984662,
    "pct_above_threshold": 100.0,
    "_raw_sims": [
      0.8071531057357788,
      0.8071531057357788,
      0.8014315366744995,
      0.7802627682685852,
      0.7802627682685852,
      0.8014315366744995,
      0.7954413890838623,
      0.6996122002601624,
      0.9128324389457703,
      0.9012504816055298,
      0.8029369711875916,
      0.7902374863624573,
      0.8597478866577148,
      0.9012504816055298,
      0.7418795228004456,
      0.9128324389457703,
      0.8597478866577148,
      0.8917640447616577,
      0.9109779000282288,
      0.8644911646842957,
      0.7056803703308105,
      0.6557454466819763,
      0.7056803703308105,
      0.9109779000282288,
      0.7866150140762329,
      0.7599709630012512,
      0.8075652122497559,
      0.8644911646842957,
      0.8688389658927917,
      0.8006921410560608,
      0.380555659532547,
      0.7171677350997925,
      0.7905398011207581,
      0.8688389658927917,
      0.7819263935089111,
      0.846419095993042,
      0.8006921410560608,
      0.6977936029434204,
      0.9126335978507996,
      0.7551062107086182,
      0.5571383833885193,
      0.5618667602539062,
      0.676710844039917,
      0.7982774972915649,
      0.9126335978507996,
      0.7551062107086182,
      0.6582895517349243,
      0.7608240842819214,
      0.7713758945465088,
      0.7713758945465088,
      0.8036836385726929,
      0.8036836385726929,
      0.46826308965682983,
      0.624752938747406,
      0.624752938747406,
      0.36280161142349243,
      0.9883283972740173,
      0.9883283972740173,
      0.9660189747810364,
      0.9660189747810364,
      0.9514661431312561,
      0.9425610899925232,
      0.9425610899925232
    ]
  },
  "threshold_sensitivity": [
    {
      "sim_threshold": 0.2,
      "conf_threshold": 40,
      "accept_rate_pct": 100.0,
      "accuracy_on_accepted": 96.83,
      "n_accepted": 63,
      "n_rejected": 0
    },
    {
      "sim_threshold": 0.2,
      "conf_threshold": 45,
      "accept_rate_pct": 100.0,
      "accuracy_on_accepted": 96.83,
      "n_accepted": 63,
      "n_rejected": 0
    },
    {
      "sim_threshold": 0.2,
      "conf_threshold": 50,
      "accept_rate_pct": 100.0,
      "accuracy_on_accepted": 96.83,
      "n_accepted": 63,
      "n_rejected": 0
    },
    {
      "sim_threshold": 0.2,
      "conf_threshold": 55,
      "accept_rate_pct": 100.0,
      "accuracy_on_accepted": 96.83,
      "n_accepted": 63,
      "n_rejected": 0
    },
    {
      "sim_threshold": 0.2,
      "conf_threshold": 60,
      "accept_rate_pct": 100.0,
      "accuracy_on_accepted": 96.83,
      "n_accepted": 63,
      "n_rejected": 0
    },
    {
      "sim_threshold": 0.2,
      "conf_threshold": 65,
      "accept_rate_pct": 93.7,
      "accuracy_on_accepted": 96.61,
      "n_accepted": 59,
      "n_rejected": 4
    },
    {
      "sim_threshold": 0.2,
      "conf_threshold": 70,
      "accept_rate_pct": 0.0,
      "accuracy_on_accepted": 0.0,
      "n_accepted": 0,
      "n_rejected": 63
    },
    {
      "sim_threshold": 0.25,
      "conf_threshold": 40,
      "accept_rate_pct": 100.0,
      "accuracy_on_accepted": 96.83,
      "n_accepted": 63,
      "n_rejected": 0
    },
    {
      "sim_threshold": 0.25,
      "conf_threshold": 45,
      "accept_rate_pct": 100.0,
      "accuracy_on_accepted": 96.83,
      "n_accepted": 63,
      "n_rejected": 0
    },
    {
      "sim_threshold": 0.25,
      "conf_threshold": 50,
      "accept_rate_pct": 100.0,
      "accuracy_on_accepted": 96.83,
      "n_accepted": 63,
      "n_rejected": 0
    },
    {
      "sim_threshold": 0.25,
      "conf_threshold": 55,
      "accept_rate_pct": 100.0,
      "accuracy_on_accepted": 96.83,
      "n_accepted": 63,
      "n_rejected": 0
    },
    {
      "sim_threshold": 0.25,
      "conf_threshold": 60,
      "accept_rate_pct": 100.0,
      "accuracy_on_accepted": 96.83,
      "n_accepted": 63,
      "n_rejected": 0
    },
    {
      "sim_threshold": 0.25,
      "conf_threshold": 65,
      "accept_rate_pct": 93.7,
      "accuracy_on_accepted": 96.61,
      "n_accepted": 59,
      "n_rejected": 4
    },
    {
      "sim_threshold": 0.25,
      "conf_threshold": 70,
      "accept_rate_pct": 0.0,
      "accuracy_on_accepted": 0.0,
      "n_accepted": 0,
      "n_rejected": 63
    },
    {
      "sim_threshold": 0.3,
      "conf_threshold": 40,
      "accept_rate_pct": 100.0,
      "accuracy_on_accepted": 96.83,
      "n_accepted": 63,
      "n_rejected": 0
    },
    {
      "sim_threshold": 0.3,
      "conf_threshold": 45,
      "accept_rate_pct": 100.0,
      "accuracy_on_accepted": 96.83,
      "n_accepted": 63,
      "n_rejected": 0
    },
    {
      "sim_threshold": 0.3,
      "conf_threshold": 50,
      "accept_rate_pct": 100.0,
      "accuracy_on_accepted": 96.83,
      "n_accepted": 63,
      "n_rejected": 0
    },
    {
      "sim_threshold": 0.3,
      "conf_threshold": 55,
      "accept_rate_pct": 100.0,
      "accuracy_on_accepted": 96.83,
      "n_accepted": 63,
      "n_rejected": 0
    },
    {
      "sim_threshold": 0.3,
      "conf_threshold": 60,
      "accept_rate_pct": 100.0,
      "accuracy_on_accepted": 96.83,
      "n_accepted": 63,
      "n_rejected": 0
    },
    {
      "sim_threshold": 0.3,
      "conf_threshold": 65,